,filename,width,height,class,xmin,xmax,ymin,ymax
0,00e4091c7b1d2eae.jpg,1024,768,Human,503,355,646,447
1,00e4091c7b1d2eae.jpg,1024,768,Human,332,598,416,668
2,00e4091c7b1d2eae.jpg,1024,768,Human,532,382,599,440
3,00f8240d4e6173fa.jpg,1024,684,Human,373,185,513,352
4,00f8240d4e6173fa.jpg,1024,684,Human,368,462,554,634
5,01451a93ddc4153f.jpg,1024,678,Human,0,366,200,609
6,01451a93ddc4153f.jpg,1024,678,Human,691,327,954,650
7,042ceccfeb4ab3bc.jpg,768,1024,Human,149,774,321,965
8,042ceccfeb4ab3bc.jpg,768,1024,Human,74,690,227,826
9,042ceccfeb4ab3bc.jpg,768,1024,Human,83,712,227,865
10,098f7c86cde9a7a5.jpg,671,1024,Human,327,382,412,466
11,098f7c86cde9a7a5.jpg,671,1024,Human,454,701,550,788
12,09fd85d60bc4d210.jpg,1024,683,Human,330,93,441,308
13,09fd85d60bc4d210.jpg,1024,683,Human,203,615,248,665
14,09fd85d60bc4d210.jpg,1024,683,Human,823,505,903,601
15,0bf85b55ae51406c.jpg,683,1024,Human,327,597,435,727
16,0bf85b55ae51406c.jpg,683,1024,Human,270,659,350,746
17,0bf85b55ae51406c.jpg,683,1024,Human,506,647,597,695
18,0c4058e7a90d4814.jpg,1024,683,Human,334,349,355,360
19,0c4058e7a90d4814.jpg,1024,683,Human,483,298,540,344
20,0c4058e7a90d4814.jpg,1024,683,Human,536,263,592,313
21,0c4058e7a90d4814.jpg,1024,683,Human,755,388,796,449
22,0c4058e7a90d4814.jpg,1024,683,Human,938,400,970,454
23,0c6ab5fed244f223.jpg,1024,681,Human,264,221,300,253
24,0c6ab5fed244f223.jpg,1024,681,Human,456,260,476,286
25,0c6ab5fed244f223.jpg,1024,681,Human,947,653,958,664
26,0c6ab5fed244f223.jpg,1024,681,Human,973,622,987,634
27,0e83f79d9aea8db8.jpg,1024,683,Human,647,538,743,609
28,0e83f79d9aea8db8.jpg,1024,683,Human,146,325,199,378
29,0e83f79d9aea8db8.jpg,1024,683,Human,196,309,255,373
30,0e83f79d9aea8db8.jpg,1024,683,Human,452,325,513,389
31,0e83f79d9aea8db8.jpg,1024,683,Human,477,317,519,367
32,0e83f79d9aea8db8.jpg,1024,683,Human,520,374,583,428
33,0e83f79d9aea8db8.jpg,1024,683,Human,546,442,626,501
34,0e83f79d9aea8db8.jpg,1024,683,Human,958,527,1023,593
35,0f1e5727767e2585.jpg,1024,683,Human,331,341,426,495
36,0f1e5727767e2585.jpg,1024,683,Human,405,522,607,608
37,175c94418ff8c816.jpg,683,1024,Human,264,606,360,709
38,175c94418ff8c816.jpg,683,1024,Human,312,662,419,777
39,188fef2eafb10f26.jpg,1024,683,Human,849,388,915,479
40,1a6eef4673354125.jpg,1024,683,Human,572,133,641,231
41,1a6eef4673354125.jpg,1024,683,Human,115,353,184,446
42,1a6eef4673354125.jpg,1024,683,Human,122,383,188,490
43,1a6eef4673354125.jpg,1024,683,Human,197,396,259,484
44,1a6eef4673354125.jpg,1024,683,Human,428,615,536,665
45,1a6eef4673354125.jpg,1024,683,Human,551,185,590,235
46,1a6eef4673354125.jpg,1024,683,Human,988,624,1023,682
47,2233936062827bf8.jpg,1024,684,Human,776,202,951,644
48,2333db7d2bad162c.jpg,1024,683,Human,448,363,510,406
49,23fc7d9324df1336.jpg,1024,678,Human,288,398,453,535
50,23fc7d9324df1336.jpg,1024,678,Human,633,406,757,574
51,29a564eefae69478.jpg,1024,292,Human,583,128,725,249
52,29f38b5ebd0b4d62.jpg,1024,768,Human,865,302,1019,662
53,29f38b5ebd0b4d62.jpg,1024,768,Human,371,179,633,476
54,33bfd19860da7153.jpg,683,1024,Human,42,773,253,950
55,348307d759b11690.jpg,1024,683,Human,136,330,176,381
56,348307d759b11690.jpg,1024,683,Human,159,431,242,499
57,348307d759b11690.jpg,1024,683,Human,265,310,309,359
58,348307d759b11690.jpg,1024,683,Human,348,301,375,330
59,348307d759b11690.jpg,1024,683,Human,373,16,412,67
60,348307d759b11690.jpg,1024,683,Human,423,258,461,301
61,348307d759b11690.jpg,1024,683,Human,435,381,458,408
62,348307d759b11690.jpg,1024,683,Human,556,250,611,301
63,348307d759b11690.jpg,1024,683,Human,835,267,873,315
64,348307d759b11690.jpg,1024,683,Human,897,116,927,157
65,34b3ed9497dbf0c4.jpg,1024,768,Human,776,358,926,542
66,34b3ed9497dbf0c4.jpg,1024,768,Human,471,351,509,378
67,34b3ed9497dbf0c4.jpg,1024,768,Human,497,444,530,513
68,34b3ed9497dbf0c4.jpg,1024,768,Human,721,316,797,418
69,3774a5fb486c6c34.jpg,1024,700,Human,516,537,529,552
70,38f850bc08331262.jpg,1024,765,Human,320,120,353,149
71,38f850bc08331262.jpg,1024,765,Human,439,618,480,679
72,38f850bc08331262.jpg,1024,765,Human,444,7,465,32
73,38f850bc08331262.jpg,1024,765,Human,556,631,597,664
74,38f850bc08331262.jpg,1024,765,Human,558,329,604,400
75,38f850bc08331262.jpg,1024,765,Human,573,498,615,548
76,38f850bc08331262.jpg,1024,765,Human,614,391,665,428
77,38f850bc08331262.jpg,1024,765,Human,667,208,718,264
78,3a20048025625820.jpg,1024,768,Human,364,746,404,766
79,3a20048025625820.jpg,1024,768,Human,672,313,710,345
80,3a20048025625820.jpg,1024,768,Human,730,313,770,348
81,3a20048025625820.jpg,1024,768,Human,810,757,856,766
82,3c462069abe8eba3.jpg,683,1024,Human,395,736,683,948
83,3c462069abe8eba3.jpg,683,1024,Human,0,769,370,1023
84,3e3af31ec0071c52.jpg,1024,682,Human,223,449,312,539
85,3e3af31ec0071c52.jpg,1024,682,Human,177,489,277,574
86,3e3af31ec0071c52.jpg,1024,682,Human,430,351,477,429
87,3e3af31ec0071c52.jpg,1024,682,Human,433,245,495,304
88,3e3af31ec0071c52.jpg,1024,682,Human,928,249,1009,296
89,3e3af31ec0071c52.jpg,1024,682,Human,932,254,1004,320
90,45581232893e4afe.jpg,682,1024,Human,496,666,647,785
91,45581232893e4afe.jpg,682,1024,Human,372,719,510,820
92,492e5651d4ae7105.jpg,1024,682,Human,254,462,321,541
93,492e5651d4ae7105.jpg,1024,682,Human,576,575,669,674
94,4a3910c2d4a58646.jpg,1024,683,Human,280,440,540,682
95,4a455688bd50e46e.jpg,1024,1024,Human,387,561,619,800
96,4a455688bd50e46e.jpg,1024,1024,Human,44,718,278,849
97,4aa843027427aad8.jpg,1024,768,Human,76,135,150,325
98,4aa843027427aad8.jpg,1024,768,Human,134,30,188,127
99,4aa843027427aad8.jpg,1024,768,Human,183,262,256,340
100,4aa843027427aad8.jpg,1024,768,Human,202,657,300,767
101,4aa843027427aad8.jpg,1024,768,Human,470,403,517,465
102,4aa843027427aad8.jpg,1024,768,Human,570,517,712,717
103,4aa843027427aad8.jpg,1024,768,Human,700,296,723,344
104,4aa843027427aad8.jpg,1024,768,Human,898,340,924,371
105,4aa843027427aad8.jpg,1024,768,Human,996,248,1023,311
106,4e72ee4be319f806.jpg,681,1024,Human,177,394,302,526
107,4e72ee4be319f806.jpg,681,1024,Human,609,316,672,466
108,4f2a907b5ceb2d04.jpg,763,1024,Human,202,59,257,127
109,4f2a907b5ceb2d04.jpg,763,1024,Human,274,60,336,120
110,4fa80ce10fa66380.jpg,685,1024,Human,374,453,433,502
111,4fa80ce10fa66380.jpg,685,1024,Human,669,659,684,737
112,4fd784fdc928ef6c.jpg,1024,764,Human,156,285,205,324
113,4fd784fdc928ef6c.jpg,1024,764,Human,274,221,333,258
114,4fd784fdc928ef6c.jpg,1024,764,Human,321,351,381,407
115,4fd784fdc928ef6c.jpg,1024,764,Human,401,370,451,406
116,4fd784fdc928ef6c.jpg,1024,764,Human,519,165,567,208
117,4fd784fdc928ef6c.jpg,1024,764,Human,941,106,972,129
118,4fd784fdc928ef6c.jpg,1024,764,Human,997,218,1014,241
119,53704de65dfd9af0.jpg,1024,768,Human,485,194,618,424
120,53704de65dfd9af0.jpg,1024,768,Human,213,174,437,407
121,58b50ef456d23f93.jpg,681,1024,Human,88,684,223,861
122,58b50ef456d23f93.jpg,681,1024,Human,303,778,526,936
123,58f7bce396674536.jpg,1024,384,Human,762,84,920,208
124,58f7bce396674536.jpg,1024,384,Human,279,13,370,207
125,5b1c53fc14cf793c.jpg,683,1024,Human,195,461,250,567
126,5b1c53fc14cf793c.jpg,683,1024,Human,491,525,498,564
127,5cdb7abbc70bd914.jpg,1024,680,Human,805,232,1018,534
128,5ecd2b04580e34a4.jpg,1024,680,Human,56,394,97,416
129,5ecd2b04580e34a4.jpg,1024,680,Human,78,190,92,202
130,5ecd2b04580e34a4.jpg,1024,680,Human,106,190,115,202
131,5ecd2b04580e34a4.jpg,1024,680,Human,224,222,234,234
132,5ecd2b04580e34a4.jpg,1024,680,Human,247,355,263,370
133,5ecd2b04580e34a4.jpg,1024,680,Human,266,353,284,372
134,5ecd2b04580e34a4.jpg,1024,680,Human,353,323,376,336
135,5ecd2b04580e34a4.jpg,1024,680,Human,376,317,387,334
136,5ecd2b04580e34a4.jpg,1024,680,Human,387,309,403,324
137,5ecd2b04580e34a4.jpg,1024,680,Human,403,304,416,321
138,5ecd2b04580e34a4.jpg,1024,680,Human,474,290,488,306
139,5ecd2b04580e34a4.jpg,1024,680,Human,536,270,554,283
140,5ecd2b04580e34a4.jpg,1024,680,Human,581,265,593,275
141,5ecd2b04580e34a4.jpg,1024,680,Human,679,241,695,253
142,5ecd2b04580e34a4.jpg,1024,680,Human,691,265,707,285
143,5ecd2b04580e34a4.jpg,1024,680,Human,817,205,835,226
144,5ecd2b04580e34a4.jpg,1024,680,Human,849,314,869,336
145,5ecd2b04580e34a4.jpg,1024,680,Human,977,331,992,358
146,5ecd2b04580e34a4.jpg,1024,680,Human,1008,397,1022,411
147,6102bd13ce3ff358.jpg,745,1024,Human,342,637,688,846
148,61c84432f809fee5.jpg,1024,683,Human,688,551,761,631
149,622a881937377933.jpg,1024,678,Human,208,651,341,676
150,622a881937377933.jpg,1024,678,Human,817,640,956,676
151,642f43e532d96bf0.jpg,1024,768,Human,0,599,51,648
152,642f43e532d96bf0.jpg,1024,768,Human,0,558,82,620
153,642f43e532d96bf0.jpg,1024,768,Human,0,489,92,567
154,642f43e532d96bf0.jpg,1024,768,Human,118,478,144,501
155,642f43e532d96bf0.jpg,1024,768,Human,299,266,409,417
156,642f43e532d96bf0.jpg,1024,768,Human,552,256,671,411
157,642f43e532d96bf0.jpg,1024,768,Human,577,574,771,717
158,642f43e532d96bf0.jpg,1024,768,Human,792,245,938,314
159,685eb8f7d0226e24.jpg,732,1024,Human,114,298,153,336
160,685eb8f7d0226e24.jpg,732,1024,Human,604,223,687,331
161,689c5331f728e2a6.jpg,1024,635,Human,173,10,838,525
162,689c5331f728e2a6.jpg,1024,635,Human,425,151,597,413
163,6a12b76756f083e6.jpg,1024,683,Human,217,506,319,582
164,6a12b76756f083e6.jpg,1024,683,Human,302,495,432,567
165,6e3728baaa92e574.jpg,1024,576,Human,257,371,287,393
166,6e3728baaa92e574.jpg,1024,576,Human,323,373,451,476
167,6e3728baaa92e574.jpg,1024,576,Human,360,269,450,351
168,6e3728baaa92e574.jpg,1024,576,Human,427,379,512,424
169,6e3728baaa92e574.jpg,1024,576,Human,685,414,815,572
170,6e3728baaa92e574.jpg,1024,576,Human,849,529,882,546
171,6e3728baaa92e574.jpg,1024,576,Human,870,379,960,556
172,70ffdde7f88d43de.jpg,986,768,Human,730,393,949,534
173,75b6b2a6e75a5e23.jpg,683,1024,Human,463,688,551,784
174,75b6b2a6e75a5e23.jpg,683,1024,Human,502,863,623,936
175,75b6b2a6e75a5e23.jpg,683,1024,Human,604,851,642,882
176,774c5c255b7e2e00.jpg,1024,660,Human,0,75,69,165
177,774c5c255b7e2e00.jpg,1024,660,Human,690,263,753,301
178,774c5c255b7e2e00.jpg,1024,660,Human,741,265,846,319
179,7946daec3a484832.jpg,1024,768,Human,549,345,659,432
180,7946daec3a484832.jpg,1024,768,Human,0,197,22,215
181,7946daec3a484832.jpg,1024,768,Human,0,549,71,725
182,7946daec3a484832.jpg,1024,768,Human,58,485,172,634
183,7946daec3a484832.jpg,1024,768,Human,83,191,147,234
184,7946daec3a484832.jpg,1024,768,Human,387,67,444,141
185,7946daec3a484832.jpg,1024,768,Human,446,431,580,565
186,7ebef3e963f0ce86.jpg,685,1024,Human,205,191,402,321
187,7ebef3e963f0ce86.jpg,685,1024,Human,350,860,472,956
188,81d1bb1c78ab4704.jpg,1024,768,Human,251,0,438,56
189,846efebf7970a5f6.jpg,1024,683,Human,210,435,234,458
190,846efebf7970a5f6.jpg,1024,683,Human,292,429,309,447
191,846efebf7970a5f6.jpg,1024,683,Human,506,412,533,435
192,846efebf7970a5f6.jpg,1024,683,Human,529,550,567,609
193,846efebf7970a5f6.jpg,1024,683,Human,570,412,595,434
194,846efebf7970a5f6.jpg,1024,683,Human,590,475,618,525
195,846efebf7970a5f6.jpg,1024,683,Human,741,535,777,568
196,846efebf7970a5f6.jpg,1024,683,Human,759,458,780,493
197,846efebf7970a5f6.jpg,1024,683,Human,769,552,818,581
198,846efebf7970a5f6.jpg,1024,683,Human,961,530,976,567
199,8506c132547534f4.jpg,1024,768,Human,421,595,640,753
200,854253ad62e189a5.jpg,1024,768,Human,299,344,447,455
201,8612a6cecbc7e2d4.jpg,1024,768,Human,761,585,839,702
202,8612a6cecbc7e2d4.jpg,1024,768,Human,366,621,435,718
203,863b68369864b8fa.jpg,1024,576,Human,582,327,671,408
204,863b68369864b8fa.jpg,1024,576,Human,849,466,860,481
205,863b68369864b8fa.jpg,1024,576,Human,996,495,1006,507
206,89d0972340a2f604.jpg,1024,768,Human,315,357,385,424
207,89d0972340a2f604.jpg,1024,768,Human,412,751,470,767
208,8bf977ed50b52173.jpg,1024,729,Human,515,366,528,380
209,8bf977ed50b52173.jpg,1024,729,Human,560,367,588,387
210,8f307190a2ee16a4.jpg,1024,685,Human,80,181,234,395
211,8f307190a2ee16a4.jpg,1024,685,Human,645,164,784,306
212,8f5751bf96774466.jpg,1024,846,Human,234,141,263,187
213,8f5751bf96774466.jpg,1024,846,Human,238,122,266,178
214,8f5751bf96774466.jpg,1024,846,Human,312,34,376,117
215,8f5751bf96774466.jpg,1024,846,Human,327,62,385,138
216,8f5751bf96774466.jpg,1024,846,Human,384,211,400,234
217,8f5751bf96774466.jpg,1024,846,Human,396,229,419,252
218,8f5751bf96774466.jpg,1024,846,Human,682,54,741,145
219,8f5751bf96774466.jpg,1024,846,Human,769,110,805,165
220,8f5751bf96774466.jpg,1024,846,Human,778,85,832,158
221,905e41b4d22624be.jpg,1024,681,Human,58,221,79,240
222,905e41b4d22624be.jpg,1024,681,Human,140,217,165,236
223,905e41b4d22624be.jpg,1024,681,Human,316,144,341,170
224,905e41b4d22624be.jpg,1024,681,Human,455,286,491,322
225,905e41b4d22624be.jpg,1024,681,Human,490,276,526,311
226,92dd1dd05d435333.jpg,1024,683,Human,732,73,1021,413
227,92dd1dd05d435333.jpg,1024,683,Human,24,124,369,479
228,93bc5f9bee726d74.jpg,1024,1024,Human,665,726,747,827
229,93bc5f9bee726d74.jpg,1024,1024,Human,268,720,371,779
230,93e6121790c06a06.jpg,911,1024,Human,335,637,436,769
231,93e6121790c06a06.jpg,911,1024,Human,119,606,198,700
232,93e6121790c06a06.jpg,911,1024,Human,187,529,222,646
233,93e6121790c06a06.jpg,911,1024,Human,348,646,389,732
234,93f481932dce7976.jpg,1024,768,Human,162,302,254,403
235,93f481932dce7976.jpg,1024,768,Human,344,427,423,496
236,93f481932dce7976.jpg,1024,768,Human,514,358,586,440
237,93f481932dce7976.jpg,1024,768,Human,652,382,741,468
238,93f481932dce7976.jpg,1024,768,Human,843,372,915,468
239,96fd82ab4e2c1263.jpg,1024,600,Human,35,387,66,417
240,96fd82ab4e2c1263.jpg,1024,600,Human,143,572,216,599
241,96fd82ab4e2c1263.jpg,1024,600,Human,419,249,437,276
242,96fd82ab4e2c1263.jpg,1024,600,Human,536,264,553,286
243,96fd82ab4e2c1263.jpg,1024,600,Human,577,253,600,275
244,96fd82ab4e2c1263.jpg,1024,600,Human,602,196,618,211
245,96fd82ab4e2c1263.jpg,1024,600,Human,663,198,675,211
246,96fd82ab4e2c1263.jpg,1024,600,Human,732,292,754,320
247,96fd82ab4e2c1263.jpg,1024,600,Human,888,521,911,544
248,96fd82ab4e2c1263.jpg,1024,600,Human,898,412,924,454
249,99caf776bb715570.jpg,1024,683,Human,118,166,330,304
250,9a078d53c1111953.jpg,1024,753,Human,353,423,551,573
251,9a078d53c1111953.jpg,1024,753,Human,0,411,120,523
252,9a078d53c1111953.jpg,1024,753,Human,488,690,635,751
253,9c3bb003bc00501e.jpg,977,768,Human,387,595,650,767
254,9cebd24ea509c876.jpg,768,1024,Human,273,389,450,536
255,9f80b0f6d3d41bf8.jpg,1024,768,Human,42,494,635,746
256,9f80b0f6d3d41bf8.jpg,1024,768,Human,524,270,1021,646
257,a0fac337cd9e2052.jpg,682,1024,Human,299,820,516,908
258,a0fac337cd9e2052.jpg,682,1024,Human,570,778,680,903
259,a203d19e8edbdce0.jpg,1024,768,Human,504,361,663,467
260,a203d19e8edbdce0.jpg,1024,768,Human,663,410,753,522
261,a244238ba419d316.jpg,1024,769,Human,39,273,125,369
262,a244238ba419d316.jpg,1024,769,Human,337,495,433,536
263,a244238ba419d316.jpg,1024,769,Human,879,337,939,401
264,abee020058f1ba43.jpg,1024,768,Human,472,285,641,474
265,af9f2d38ef88c62c.jpg,768,1024,Human,231,566,252,592
266,af9f2d38ef88c62c.jpg,768,1024,Human,246,661,302,723
267,af9f2d38ef88c62c.jpg,768,1024,Human,273,295,291,314
268,af9f2d38ef88c62c.jpg,768,1024,Human,310,286,341,316
269,af9f2d38ef88c62c.jpg,768,1024,Human,350,251,392,268
270,af9f2d38ef88c62c.jpg,768,1024,Human,396,305,465,347
271,af9f2d38ef88c62c.jpg,768,1024,Human,675,681,749,757
272,b2a927983a0c0bf8.jpg,1024,768,Human,576,538,743,734
273,b3b6b58387bf5fb2.jpg,819,1024,Human,377,544,580,751
274,bda23f78c2676e60.jpg,1024,768,Human,609,492,631,520
275,bda23f78c2676e60.jpg,1024,768,Human,623,610,650,647
276,bda23f78c2676e60.jpg,1024,768,Human,677,258,738,318
277,bda23f78c2676e60.jpg,1024,768,Human,888,258,928,300
278,becf32bad9e72568.jpg,1024,768,Human,684,541,794,650
279,becf32bad9e72568.jpg,1024,768,Human,773,526,874,619
280,c0b674ed03819f24.jpg,1024,680,Human,42,325,145,453
281,c0b674ed03819f24.jpg,1024,680,Human,156,423,195,452
282,c0b674ed03819f24.jpg,1024,680,Human,289,142,346,216
283,c0b674ed03819f24.jpg,1024,680,Human,371,0,435,55
284,c0f72bae46959986.jpg,680,1024,Human,56,806,186,971
285,c0f72bae46959986.jpg,680,1024,Human,544,855,628,947
286,c1a2c2ce785ef74c.jpg,1024,600,Human,360,185,465,369
287,c1a2c2ce785ef74c.jpg,1024,600,Human,463,175,563,337
288,c301e78152774c26.jpg,1024,678,Human,648,526,861,637
289,c301e78152774c26.jpg,1024,678,Human,545,543,583,639
290,c38a2521f5c7d7fa.jpg,1024,679,Human,291,450,410,516
291,c38a2521f5c7d7fa.jpg,1024,679,Human,311,449,343,470
292,c38a2521f5c7d7fa.jpg,1024,679,Human,369,468,462,539
293,c38a2521f5c7d7fa.jpg,1024,679,Human,468,472,537,529
294,c38a2521f5c7d7fa.jpg,1024,679,Human,574,441,611,499
295,c38a2521f5c7d7fa.jpg,1024,679,Human,604,436,716,507
296,c38a2521f5c7d7fa.jpg,1024,679,Human,627,584,714,675
297,c38a2521f5c7d7fa.jpg,1024,679,Human,643,508,735,591
298,c448bf67288612bc.jpg,1024,683,Human,0,524,44,580
299,c448bf67288612bc.jpg,1024,683,Human,163,455,210,493
300,c448bf67288612bc.jpg,1024,683,Human,300,132,340,165
301,c448bf67288612bc.jpg,1024,683,Human,368,261,410,308
302,c448bf67288612bc.jpg,1024,683,Human,748,340,796,370
303,c448bf67288612bc.jpg,1024,683,Human,837,297,874,337
304,c6c683e7e3814ed2.jpg,683,1024,Human,155,632,308,751
305,c6c683e7e3814ed2.jpg,683,1024,Human,25,415,88,454
306,c6c683e7e3814ed2.jpg,683,1024,Human,531,424,641,557
307,cbb4c65e112d4a6a.jpg,1024,678,Human,787,516,942,662
308,cbb4c65e112d4a6a.jpg,1024,678,Human,0,614,83,676
309,cbb4c65e112d4a6a.jpg,1024,678,Human,179,167,264,221
310,cbb4c65e112d4a6a.jpg,1024,678,Human,225,400,316,471
311,cbb4c65e112d4a6a.jpg,1024,678,Human,238,318,279,340
312,cbb4c65e112d4a6a.jpg,1024,678,Human,241,169,284,202
313,cbb4c65e112d4a6a.jpg,1024,678,Human,241,408,305,494
314,cbb4c65e112d4a6a.jpg,1024,678,Human,263,242,346,319
315,cbb4c65e112d4a6a.jpg,1024,678,Human,293,342,337,380
316,cbb4c65e112d4a6a.jpg,1024,678,Human,501,549,641,638
317,cbb4c65e112d4a6a.jpg,1024,678,Human,590,195,666,270
318,cbb4c65e112d4a6a.jpg,1024,678,Human,638,495,732,574
319,d0946e809a245153.jpg,1024,1024,Human,406,530,479,598
320,d0946e809a245153.jpg,1024,1024,Human,632,716,730,779
321,d0946e809a245153.jpg,1024,1024,Human,783,790,821,856
322,d581a2c9b830178e.jpg,682,1024,Human,411,714,485,819
323,d581a2c9b830178e.jpg,682,1024,Human,100,219,129,260
324,d581a2c9b830178e.jpg,682,1024,Human,149,702,217,757
325,d581a2c9b830178e.jpg,682,1024,Human,202,235,268,299
326,d581a2c9b830178e.jpg,682,1024,Human,268,262,284,290
327,d581a2c9b830178e.jpg,682,1024,Human,608,507,659,608
328,dd11a6d85b8b111e.jpg,1024,768,Human,510,437,631,528
329,dd11a6d85b8b111e.jpg,1024,768,Human,174,588,284,679
330,dd11a6d85b8b111e.jpg,1024,768,Human,629,700,753,767
331,dd11a6d85b8b111e.jpg,1024,768,Human,674,459,705,538
332,dece438fb67422a6.jpg,1024,576,Human,689,144,897,413
333,e2a12a0eecc59aef.jpg,1024,683,Human,4,6,552,645
334,e2a12a0eecc59aef.jpg,1024,683,Human,436,159,1007,663
335,e3a215febca48b56.jpg,1024,666,Human,156,402,310,516
336,e3a215febca48b56.jpg,1024,666,Human,204,470,373,590
337,e3a215febca48b56.jpg,1024,666,Human,234,311,347,374
338,e3a215febca48b56.jpg,1024,666,Human,640,479,780,623
339,e3a215febca48b56.jpg,1024,666,Human,667,507,743,663
340,e4b05026ec863c34.jpg,685,1024,Human,44,163,354,504
341,f7c58b5b029721a5.jpg,1024,680,Human,579,177,731,283
342,f7c58b5b029721a5.jpg,1024,680,Human,368,416,405,512
343,f7c58b5b029721a5.jpg,1024,680,Human,579,430,627,568
344,f7c58b5b029721a5.jpg,1024,680,Human,671,201,738,282
345,f7c58b5b029721a5.jpg,1024,680,Human,798,426,878,514
346,f7c58b5b029721a5.jpg,1024,680,Human,911,547,992,679
